-- phpMyAdmin SQL Dump
-- version 5.0.4
-- https://www.phpmyadmin.net/
--
-- Host: 127.0.0.1
-- Generation Time: Feb 26, 2021 at 07:04 PM
-- Server version: 10.4.17-MariaDB
-- PHP Version: 7.4.13

SET SQL_MODE = "NO_AUTO_VALUE_ON_ZERO";
START TRANSACTION;
SET time_zone = "+00:00";


/*!40101 SET @OLD_CHARACTER_SET_CLIENT=@@CHARACTER_SET_CLIENT */;
/*!40101 SET @OLD_CHARACTER_SET_RESULTS=@@CHARACTER_SET_RESULTS */;
/*!40101 SET @OLD_COLLATION_CONNECTION=@@COLLATION_CONNECTION */;
/*!40101 SET NAMES utf8mb4 */;

--
-- Database: `ecomm2019`
--

-- --------------------------------------------------------

--
-- Table structure for table `admins`
--

CREATE TABLE `admins` (
  `id` bigint(20) UNSIGNED NOT NULL,
  `name` varchar(191) COLLATE utf8mb4_unicode_ci NOT NULL,
  `type` varchar(191) COLLATE utf8mb4_unicode_ci NOT NULL,
  `mobile` varchar(191) COLLATE utf8mb4_unicode_ci NOT NULL,
  `email` varchar(191) COLLATE utf8mb4_unicode_ci NOT NULL,
  `email_verified_at` timestamp NULL DEFAULT NULL,
  `password` varchar(191) COLLATE utf8mb4_unicode_ci NOT NULL,
  `image` varchar(191) COLLATE utf8mb4_unicode_ci NOT NULL,
  `status` int(11) NOT NULL,
  `remember_token` varchar(100) COLLATE utf8mb4_unicode_ci DEFAULT NULL,
  `created_at` timestamp NULL DEFAULT NULL,
  `updated_at` timestamp NULL DEFAULT NULL
) ENGINE=InnoDB DEFAULT CHARSET=utf8mb4 COLLATE=utf8mb4_unicode_ci;

--
-- Dumping data for table `admins`
--

INSERT INTO `admins` (`id`, `name`, `type`, `mobile`, `email`, `email_verified_at`, `password`, `image`, `status`, `remember_token`, `created_at`, `updated_at`) VALUES
(1, 'Admin', 'admin', '7896541235', 'admin@gmail.com', NULL, '$2y$10$TKTQy2s4nH30UtE7wy6BeuI7TFcuK8c687zg6tXY2QTcaOO18Bme6', 'NULL', 1, NULL, NULL, NULL),
(2, 'Muzaffer', 'admin', '8546784512', 'muzaffer@gmail.com', NULL, '$2y$10$Z6FNaveMc6aw/DqFBDrMiOU4d175yl4UaLdTeTMluDo13LjKK6Mo6', 'NULL', 1, NULL, NULL, NULL),
(3, 'shazidh', 'subadmin', '8789456910', 'shazidh@gmail.com', NULL, '$2y$10$Z6FNaveMc6aw/DqFBDrMiOU4d175yl4UaLdTeTMluDo13LjKK6Mo6', 'NULL', 0, NULL, NULL, NULL);

-- --------------------------------------------------------

--
-- Table structure for table `banners`
--

CREATE TABLE `banners` (
  `id` bigint(20) UNSIGNED NOT NULL,
  `image` varchar(191) COLLATE utf8mb4_unicode_ci NOT NULL,
  `links` varchar(250) COLLATE utf8mb4_unicode_ci NOT NULL,
  `title` varchar(191) COLLATE utf8mb4_unicode_ci NOT NULL,
  `alt` varchar(191) COLLATE utf8mb4_unicode_ci NOT NULL,
  `status` tinyint(4) NOT NULL,
  `created_at` timestamp NULL DEFAULT NULL,
  `updated_at` timestamp NULL DEFAULT NULL
) ENGINE=InnoDB DEFAULT CHARSET=utf8mb4 COLLATE=utf8mb4_unicode_ci;

--
-- Dumping data for table `banners`
--

INSERT INTO `banners` (`id`, `image`, `links`, `title`, `alt`, `status`, `created_at`, `updated_at`) VALUES
(1, 'banner1.png', '', 'Black Jacket', 'Black Jacket', 1, NULL, NULL),
(2, 'banner2.png', '', 'Half Sleeve T-Shirt', 'Half Sleeve T-Shirt', 1, NULL, '2020-12-23 11:15:18'),
(3, '1608663254.jpeg', '/full-sleeve-tshirt', 'Full Sleeve T-Shirt', 'Full Sleeve T-Shirt', 1, NULL, '2021-01-06 10:59:25'),
(5, '1608663021.jpeg', '/girls-jacket', 'Girls jacket', 'Girls jacket', 1, '2020-12-22 13:16:42', '2020-12-22 13:20:21'),
(6, '1608663301.jpeg', '/t-shirt', 'T-shirt 1', 'T-shirt 1', 1, '2020-12-22 13:25:01', '2020-12-26 00:53:24');

-- --------------------------------------------------------

--
-- Table structure for table `brands`
--

CREATE TABLE `brands` (
  `id` bigint(20) UNSIGNED NOT NULL,
  `name` varchar(191) COLLATE utf8mb4_unicode_ci NOT NULL,
  `status` tinyint(4) NOT NULL,
  `created_at` timestamp NULL DEFAULT NULL,
  `updated_at` timestamp NULL DEFAULT NULL
) ENGINE=InnoDB DEFAULT CHARSET=utf8mb4 COLLATE=utf8mb4_unicode_ci;

--
-- Dumping data for table `brands`
--

INSERT INTO `brands` (`id`, `name`, `status`, `created_at`, `updated_at`) VALUES
(1, 'Arrow', 1, NULL, '2021-01-18 11:23:07'),
(2, 'Gap', 1, NULL, '2021-01-18 11:24:05'),
(3, 'Lee', 1, NULL, '2021-01-18 11:24:03'),
(4, 'Moment Carlo', 1, NULL, NULL),
(5, 'Peter England', 1, NULL, NULL);

-- --------------------------------------------------------

--
-- Table structure for table `carts`
--

CREATE TABLE `carts` (
  `id` bigint(20) UNSIGNED NOT NULL,
  `session_id` varchar(191) COLLATE utf8mb4_unicode_ci NOT NULL,
  `user_id` int(11) NOT NULL,
  `product_id` int(11) NOT NULL,
  `size` varchar(191) COLLATE utf8mb4_unicode_ci NOT NULL,
  `quantity` int(11) NOT NULL,
  `created_at` timestamp NULL DEFAULT NULL,
  `updated_at` timestamp NULL DEFAULT NULL
) ENGINE=InnoDB DEFAULT CHARSET=utf8mb4 COLLATE=utf8mb4_unicode_ci;

--
-- Dumping data for table `carts`
--

INSERT INTO `carts` (`id`, `session_id`, `user_id`, `product_id`, `size`, `quantity`, `created_at`, `updated_at`) VALUES
(15, 'kmy9HLBOEIaduqSgJzlsRZeHGcLWjZCxxE04iT7B', 1, 11, 'Large', 6, '2021-02-13 11:10:43', '2021-02-13 11:11:50');

-- --------------------------------------------------------

--
-- Table structure for table `categories`
--

CREATE TABLE `categories` (
  `id` int(20) UNSIGNED NOT NULL,
  `parent_id` int(11) NOT NULL,
  `section_id` int(11) NOT NULL,
  `category_name` varchar(191) COLLATE utf8mb4_unicode_ci NOT NULL,
  `category_image` varchar(191) COLLATE utf8mb4_unicode_ci NOT NULL,
  `category_discount` double(8,2) NOT NULL,
  `description` text COLLATE utf8mb4_unicode_ci NOT NULL,
  `url` varchar(191) COLLATE utf8mb4_unicode_ci NOT NULL,
  `meta_title` varchar(191) COLLATE utf8mb4_unicode_ci NOT NULL,
  `meta_description` varchar(191) COLLATE utf8mb4_unicode_ci NOT NULL,
  `meta_keywords` varchar(191) COLLATE utf8mb4_unicode_ci NOT NULL,
  `status` tinyint(4) NOT NULL,
  `created_at` datetime NOT NULL DEFAULT current_timestamp(),
  `updated_at` datetime NOT NULL DEFAULT current_timestamp()
) ENGINE=InnoDB DEFAULT CHARSET=utf8mb4 COLLATE=utf8mb4_unicode_ci;

--
-- Dumping data for table `categories`
--

INSERT INTO `categories` (`id`, `parent_id`, `section_id`, `category_name`, `category_image`, `category_discount`, `description`, `url`, `meta_title`, `meta_description`, `meta_keywords`, `status`, `created_at`, `updated_at`) VALUES
(1, 0, 1, 'T-shirt', '1609082670.jpeg', 10.00, 'A T-shirt, or tee shirt, is a style of fabric shirt named after the T shape of its body and sleeves. Traditionally, it has short sleeves and a round neckline, known as a crew neck, which lacks a collar', 't-shirt', 'Null', 'Null', 'Null', 1, '2020-11-15 22:11:09', '2020-12-27 15:24:30'),
(2, 1, 1, 'Casual-T-shirt', 'Null', 0.00, 'this is the causal category description', 'casual-t-shirt', 'Null', 'Null', 'Null', 1, '2020-11-15 22:11:09', '2020-11-15 22:11:09'),
(3, 0, 3, 'Kids pant', '1605458908.jpg', 15.00, 'Test description', 'Test-1', 'Test title', 'Test description', 'Test keyword', 1, '2020-11-15 16:45:18', '2020-11-15 16:48:29'),
(4, 1, 1, 'Shirts', '1608999197.jpg', 0.00, 'Shirts', 'casual-shirts', 'Casual shirts', 'Casual T-shirts', 'Casual shirts', 1, '2020-11-17 04:56:47', '2020-12-26 16:13:17'),
(5, 0, 2, 'Kurti', '1608232774.jpeg', 10.00, 'Test', 'kurti', 'Test', 'Test', 'Test', 1, '2020-12-17 19:19:34', '2020-12-17 19:19:34'),
(6, 0, 2, 'girls jeans', '1608317676.jpeg', 12.00, 'Test category', 'jeans', 'Test category', 'Test category', 'Test category', 1, '2020-12-18 18:54:36', '2020-12-26 09:12:35'),
(7, 6, 2, 'Jeans casual', '1608317805.jpeg', 10.00, 'test', 'jeans-casual', 'Test category', 'Test category', 'Test category', 1, '2020-12-18 18:56:46', '2020-12-18 20:13:28'),
(8, 5, 2, 'Kurti formal', '1608318102.jpeg', 5.00, 'Test category of kurti', 'kurti-formal', 'Test category of kurti', 'Test category of kurti', 'Test category of kurti', 1, '2020-12-18 19:01:42', '2020-12-18 20:13:32'),
(9, 5, 2, 'testa', '1608318495.jpeg', 5.00, 'Test category of test', 'kurti-test', 'Test category of test', 'Test category of kurti', 'Test category of test', 1, '2020-12-18 19:03:57', '2020-12-18 19:08:15'),
(10, 3, 3, 'jeans', '1608318622.jpeg', 10.00, 'Test kid jeans', 'kid-jeans', 'Test kid jeans', 'Test kid jeans', 'Test kid jeans', 1, '2020-12-18 19:10:22', '2020-12-18 19:10:22'),
(11, 0, 3, 'T-shirt', '1608318758.jpeg', 5.00, 'T-shirt', 'kid-t-shirt', 'T-shirt', 'T-shirt', 'T-shirt', 1, '2020-12-18 19:12:38', '2020-12-18 19:12:38');

-- --------------------------------------------------------

--
-- Table structure for table `countries`
--

CREATE TABLE `countries` (
  `id` int(11) NOT NULL,
  `iso` char(2) NOT NULL,
  `name` varchar(80) NOT NULL,
  `nicename` varchar(80) NOT NULL,
  `iso3` char(3) DEFAULT NULL,
  `numcode` smallint(6) DEFAULT NULL,
  `phonecode` int(5) NOT NULL
) ENGINE=MyISAM DEFAULT CHARSET=latin1;

--
-- Dumping data for table `countries`
--

INSERT INTO `countries` (`id`, `iso`, `name`, `nicename`, `iso3`, `numcode`, `phonecode`) VALUES
(1, 'AF', 'AFGHANISTAN', 'Afghanistan', 'AFG', 4, 93),
(2, 'AL', 'ALBANIA', 'Albania', 'ALB', 8, 355),
(3, 'DZ', 'ALGERIA', 'Algeria', 'DZA', 12, 213),
(4, 'AS', 'AMERICAN SAMOA', 'American Samoa', 'ASM', 16, 1684),
(5, 'AD', 'ANDORRA', 'Andorra', 'AND', 20, 376),
(6, 'AO', 'ANGOLA', 'Angola', 'AGO', 24, 244),
(7, 'AI', 'ANGUILLA', 'Anguilla', 'AIA', 660, 1264),
(8, 'AQ', 'ANTARCTICA', 'Antarctica', NULL, NULL, 0),
(9, 'AG', 'ANTIGUA AND BARBUDA', 'Antigua and Barbuda', 'ATG', 28, 1268),
(10, 'AR', 'ARGENTINA', 'Argentina', 'ARG', 32, 54),
(11, 'AM', 'ARMENIA', 'Armenia', 'ARM', 51, 374),
(12, 'AW', 'ARUBA', 'Aruba', 'ABW', 533, 297),
(13, 'AU', 'AUSTRALIA', 'Australia', 'AUS', 36, 61),
(14, 'AT', 'AUSTRIA', 'Austria', 'AUT', 40, 43),
(15, 'AZ', 'AZERBAIJAN', 'Azerbaijan', 'AZE', 31, 994),
(16, 'BS', 'BAHAMAS', 'Bahamas', 'BHS', 44, 1242),
(17, 'BH', 'BAHRAIN', 'Bahrain', 'BHR', 48, 973),
(18, 'BD', 'BANGLADESH', 'Bangladesh', 'BGD', 50, 880),
(19, 'BB', 'BARBADOS', 'Barbados', 'BRB', 52, 1246),
(20, 'BY', 'BELARUS', 'Belarus', 'BLR', 112, 375),
(21, 'BE', 'BELGIUM', 'Belgium', 'BEL', 56, 32),
(22, 'BZ', 'BELIZE', 'Belize', 'BLZ', 84, 501),
(23, 'BJ', 'BENIN', 'Benin', 'BEN', 204, 229),
(24, 'BM', 'BERMUDA', 'Bermuda', 'BMU', 60, 1441),
(25, 'BT', 'BHUTAN', 'Bhutan', 'BTN', 64, 975),
(26, 'BO', 'BOLIVIA', 'Bolivia', 'BOL', 68, 591),
(27, 'BA', 'BOSNIA AND HERZEGOVINA', 'Bosnia and Herzegovina', 'BIH', 70, 387),
(28, 'BW', 'BOTSWANA', 'Botswana', 'BWA', 72, 267),
(29, 'BV', 'BOUVET ISLAND', 'Bouvet Island', NULL, NULL, 0),
(30, 'BR', 'BRAZIL', 'Brazil', 'BRA', 76, 55),
(31, 'IO', 'BRITISH INDIAN OCEAN TERRITORY', 'British Indian Ocean Territory', NULL, NULL, 246),
(32, 'BN', 'BRUNEI DARUSSALAM', 'Brunei Darussalam', 'BRN', 96, 673),
(33, 'BG', 'BULGARIA', 'Bulgaria', 'BGR', 100, 359),
(34, 'BF', 'BURKINA FASO', 'Burkina Faso', 'BFA', 854, 226),
(35, 'BI', 'BURUNDI', 'Burundi', 'BDI', 108, 257),
(36, 'KH', 'CAMBODIA', 'Cambodia', 'KHM', 116, 855),
(37, 'CM', 'CAMEROON', 'Cameroon', 'CMR', 120, 237),
(38, 'CA', 'CANADA', 'Canada', 'CAN', 124, 1),
(39, 'CV', 'CAPE VERDE', 'Cape Verde', 'CPV', 132, 238),
(40, 'KY', 'CAYMAN ISLANDS', 'Cayman Islands', 'CYM', 136, 1345),
(41, 'CF', 'CENTRAL AFRICAN REPUBLIC', 'Central African Republic', 'CAF', 140, 236),
(42, 'TD', 'CHAD', 'Chad', 'TCD', 148, 235),
(43, 'CL', 'CHILE', 'Chile', 'CHL', 152, 56),
(44, 'CN', 'CHINA', 'China', 'CHN', 156, 86),
(45, 'CX', 'CHRISTMAS ISLAND', 'Christmas Island', NULL, NULL, 61),
(46, 'CC', 'COCOS (KEELING) ISLANDS', 'Cocos (Keeling) Islands', NULL, NULL, 672),
(47, 'CO', 'COLOMBIA', 'Colombia', 'COL', 170, 57),
(48, 'KM', 'COMOROS', 'Comoros', 'COM', 174, 269),
(49, 'CG', 'CONGO', 'Congo', 'COG', 178, 242),
(50, 'CD', 'CONGO, THE DEMOCRATIC REPUBLIC OF THE', 'Congo, the Democratic Republic of the', 'COD', 180, 242),
(51, 'CK', 'COOK ISLANDS', 'Cook Islands', 'COK', 184, 682),
(52, 'CR', 'COSTA RICA', 'Costa Rica', 'CRI', 188, 506),
(53, 'CI', 'COTE D\'IVOIRE', 'Cote D\'Ivoire', 'CIV', 384, 225),
(54, 'HR', 'CROATIA', 'Croatia', 'HRV', 191, 385),
(55, 'CU', 'CUBA', 'Cuba', 'CUB', 192, 53),
(56, 'CY', 'CYPRUS', 'Cyprus', 'CYP', 196, 357),
(57, 'CZ', 'CZECH REPUBLIC', 'Czech Republic', 'CZE', 203, 420),
(58, 'DK', 'DENMARK', 'Denmark', 'DNK', 208, 45),
(59, 'DJ', 'DJIBOUTI', 'Djibouti', 'DJI', 262, 253),
(60, 'DM', 'DOMINICA', 'Dominica', 'DMA', 212, 1767),
(61, 'DO', 'DOMINICAN REPUBLIC', 'Dominican Republic', 'DOM', 214, 1809),
(62, 'EC', 'ECUADOR', 'Ecuador', 'ECU', 218, 593),
(63, 'EG', 'EGYPT', 'Egypt', 'EGY', 818, 20),
(64, 'SV', 'EL SALVADOR', 'El Salvador', 'SLV', 222, 503),
(65, 'GQ', 'EQUATORIAL GUINEA', 'Equatorial Guinea', 'GNQ', 226, 240),
(66, 'ER', 'ERITREA', 'Eritrea', 'ERI', 232, 291),
(67, 'EE', 'ESTONIA', 'Estonia', 'EST', 233, 372),
(68, 'ET', 'ETHIOPIA', 'Ethiopia', 'ETH', 231, 251),
(69, 'FK', 'FALKLAND ISLANDS (MALVINAS)', 'Falkland Islands (Malvinas)', 'FLK', 238, 500),
(70, 'FO', 'FAROE ISLANDS', 'Faroe Islands', 'FRO', 234, 298),
(71, 'FJ', 'FIJI', 'Fiji', 'FJI', 242, 679),
(72, 'FI', 'FINLAND', 'Finland', 'FIN', 246, 358),
(73, 'FR', 'FRANCE', 'France', 'FRA', 250, 33),
(74, 'GF', 'FRENCH GUIANA', 'French Guiana', 'GUF', 254, 594),
(75, 'PF', 'FRENCH POLYNESIA', 'French Polynesia', 'PYF', 258, 689),
(76, 'TF', 'FRENCH SOUTHERN TERRITORIES', 'French Southern Territories', NULL, NULL, 0),
(77, 'GA', 'GABON', 'Gabon', 'GAB', 266, 241),
(78, 'GM', 'GAMBIA', 'Gambia', 'GMB', 270, 220),
(79, 'GE', 'GEORGIA', 'Georgia', 'GEO', 268, 995),
(80, 'DE', 'GERMANY', 'Germany', 'DEU', 276, 49),
(81, 'GH', 'GHANA', 'Ghana', 'GHA', 288, 233),
(82, 'GI', 'GIBRALTAR', 'Gibraltar', 'GIB', 292, 350),
(83, 'GR', 'GREECE', 'Greece', 'GRC', 300, 30),
(84, 'GL', 'GREENLAND', 'Greenland', 'GRL', 304, 299),
(85, 'GD', 'GRENADA', 'Grenada', 'GRD', 308, 1473),
(86, 'GP', 'GUADELOUPE', 'Guadeloupe', 'GLP', 312, 590),
(87, 'GU', 'GUAM', 'Guam', 'GUM', 316, 1671),
(88, 'GT', 'GUATEMALA', 'Guatemala', 'GTM', 320, 502),
(89, 'GN', 'GUINEA', 'Guinea', 'GIN', 324, 224),
(90, 'GW', 'GUINEA-BISSAU', 'Guinea-Bissau', 'GNB', 624, 245),
(91, 'GY', 'GUYANA', 'Guyana', 'GUY', 328, 592),
(92, 'HT', 'HAITI', 'Haiti', 'HTI', 332, 509),
(93, 'HM', 'HEARD ISLAND AND MCDONALD ISLANDS', 'Heard Island and Mcdonald Islands', NULL, NULL, 0),
(94, 'VA', 'HOLY SEE (VATICAN CITY STATE)', 'Holy See (Vatican City State)', 'VAT', 336, 39),
(95, 'HN', 'HONDURAS', 'Honduras', 'HND', 340, 504),
(96, 'HK', 'HONG KONG', 'Hong Kong', 'HKG', 344, 852),
(97, 'HU', 'HUNGARY', 'Hungary', 'HUN', 348, 36),
(98, 'IS', 'ICELAND', 'Iceland', 'ISL', 352, 354),
(99, 'IN', 'INDIA', 'India', 'IND', 356, 91),
(100, 'ID', 'INDONESIA', 'Indonesia', 'IDN', 360, 62),
(101, 'IR', 'IRAN, ISLAMIC REPUBLIC OF', 'Iran, Islamic Republic of', 'IRN', 364, 98),
(102, 'IQ', 'IRAQ', 'Iraq', 'IRQ', 368, 964),
(103, 'IE', 'IRELAND', 'Ireland', 'IRL', 372, 353),
(104, 'IL', 'ISRAEL', 'Israel', 'ISR', 376, 972),
(105, 'IT', 'ITALY', 'Italy', 'ITA', 380, 39),
(106, 'JM', 'JAMAICA', 'Jamaica', 'JAM', 388, 1876),
(107, 'JP', 'JAPAN', 'Japan', 'JPN', 392, 81),
(108, 'JO', 'JORDAN', 'Jordan', 'JOR', 400, 962),
(109, 'KZ', 'KAZAKHSTAN', 'Kazakhstan', 'KAZ', 398, 7),
(110, 'KE', 'KENYA', 'Kenya', 'KEN', 404, 254),
(111, 'KI', 'KIRIBATI', 'Kiribati', 'KIR', 296, 686),
(112, 'KP', 'KOREA, DEMOCRATIC PEOPLE\'S REPUBLIC OF', 'Korea, Democratic People\'s Republic of', 'PRK', 408, 850),
(113, 'KR', 'KOREA, REPUBLIC OF', 'Korea, Republic of', 'KOR', 410, 82),
(114, 'KW', 'KUWAIT', 'Kuwait', 'KWT', 414, 965),
(115, 'KG', 'KYRGYZSTAN', 'Kyrgyzstan', 'KGZ', 417, 996),
(116, 'LA', 'LAO PEOPLE\'S DEMOCRATIC REPUBLIC', 'Lao People\'s Democratic Republic', 'LAO', 418, 856),
(117, 'LV', 'LATVIA', 'Latvia', 'LVA', 428, 371),
(118, 'LB', 'LEBANON', 'Lebanon', 'LBN', 422, 961),
(119, 'LS', 'LESOTHO', 'Lesotho', 'LSO', 426, 266),
(120, 'LR', 'LIBERIA', 'Liberia', 'LBR', 430, 231),
(121, 'LY', 'LIBYAN ARAB JAMAHIRIYA', 'Libyan Arab Jamahiriya', 'LBY', 434, 218),
(122, 'LI', 'LIECHTENSTEIN', 'Liechtenstein', 'LIE', 438, 423),
(123, 'LT', 'LITHUANIA', 'Lithuania', 'LTU', 440, 370),
(124, 'LU', 'LUXEMBOURG', 'Luxembourg', 'LUX', 442, 352),
(125, 'MO', 'MACAO', 'Macao', 'MAC', 446, 853),
(126, 'MK', 'MACEDONIA, THE FORMER YUGOSLAV REPUBLIC OF', 'Macedonia, the Former Yugoslav Republic of', 'MKD', 807, 389),
(127, 'MG', 'MADAGASCAR', 'Madagascar', 'MDG', 450, 261),
(128, 'MW', 'MALAWI', 'Malawi', 'MWI', 454, 265),
(129, 'MY', 'MALAYSIA', 'Malaysia', 'MYS', 458, 60),
(130, 'MV', 'MALDIVES', 'Maldives', 'MDV', 462, 960),
(131, 'ML', 'MALI', 'Mali', 'MLI', 466, 223),
(132, 'MT', 'MALTA', 'Malta', 'MLT', 470, 356),
(133, 'MH', 'MARSHALL ISLANDS', 'Marshall Islands', 'MHL', 584, 692),
(134, 'MQ', 'MARTINIQUE', 'Martinique', 'MTQ', 474, 596),
(135, 'MR', 'MAURITANIA', 'Mauritania', 'MRT', 478, 222),
(136, 'MU', 'MAURITIUS', 'Mauritius', 'MUS', 480, 230),
(137, 'YT', 'MAYOTTE', 'Mayotte', NULL, NULL, 269),
(138, 'MX', 'MEXICO', 'Mexico', 'MEX', 484, 52),
(139, 'FM', 'MICRONESIA, FEDERATED STATES OF', 'Micronesia, Federated States of', 'FSM', 583, 691),
(140, 'MD', 'MOLDOVA, REPUBLIC OF', 'Moldova, Republic of', 'MDA', 498, 373),
(141, 'MC', 'MONACO', 'Monaco', 'MCO', 492, 377),
(142, 'MN', 'MONGOLIA', 'Mongolia', 'MNG', 496, 976),
(143, 'MS', 'MONTSERRAT', 'Montserrat', 'MSR', 500, 1664),
(144, 'MA', 'MOROCCO', 'Morocco', 'MAR', 504, 212),
(145, 'MZ', 'MOZAMBIQUE', 'Mozambique', 'MOZ', 508, 258),
(146, 'MM', 'MYANMAR', 'Myanmar', 'MMR', 104, 95),
(147, 'NA', 'NAMIBIA', 'Namibia', 'NAM', 516, 264),
(148, 'NR', 'NAURU', 'Nauru', 'NRU', 520, 674),
(149, 'NP', 'NEPAL', 'Nepal', 'NPL', 524, 977),
(150, 'NL', 'NETHERLANDS', 'Netherlands', 'NLD', 528, 31),
(151, 'AN', 'NETHERLANDS ANTILLES', 'Netherlands Antilles', 'ANT', 530, 599),
(152, 'NC', 'NEW CALEDONIA', 'New Caledonia', 'NCL', 540, 687),
(153, 'NZ', 'NEW ZEALAND', 'New Zealand', 'NZL', 554, 64),
(154, 'NI', 'NICARAGUA', 'Nicaragua', 'NIC', 558, 505),
(155, 'NE', 'NIGER', 'Niger', 'NER', 562, 227),
(156, 'NG', 'NIGERIA', 'Nigeria', 'NGA', 566, 234),
(157, 'NU', 'NIUE', 'Niue', 'NIU', 570, 683),
(158, 'NF', 'NORFOLK ISLAND', 'Norfolk Island', 'NFK', 574, 672),
(159, 'MP', 'NORTHERN MARIANA ISLANDS', 'Northern Mariana Islands', 'MNP', 580, 1670),
(160, 'NO', 'NORWAY', 'Norway', 'NOR', 578, 47),
(161, 'OM', 'OMAN', 'Oman', 'OMN', 512, 968),
(162, 'PK', 'PAKISTAN', 'Pakistan', 'PAK', 586, 92),
(163, 'PW', 'PALAU', 'Palau', 'PLW', 585, 680),
(164, 'PS', 'PALESTINIAN TERRITORY, OCCUPIED', 'Palestinian Territory, Occupied', NULL, NULL, 970),
(165, 'PA', 'PANAMA', 'Panama', 'PAN', 591, 507),
(166, 'PG', 'PAPUA NEW GUINEA', 'Papua New Guinea', 'PNG', 598, 675),
(167, 'PY', 'PARAGUAY', 'Paraguay', 'PRY', 600, 595),
(168, 'PE', 'PERU', 'Peru', 'PER', 604, 51),
(169, 'PH', 'PHILIPPINES', 'Philippines', 'PHL', 608, 63),
(170, 'PN', 'PITCAIRN', 'Pitcairn', 'PCN', 612, 0),
(171, 'PL', 'POLAND', 'Poland', 'POL', 616, 48),
(172, 'PT', 'PORTUGAL', 'Portugal', 'PRT', 620, 351),
(173, 'PR', 'PUERTO RICO', 'Puerto Rico', 'PRI', 630, 1787),
(174, 'QA', 'QATAR', 'Qatar', 'QAT', 634, 974),
(175, 'RE', 'REUNION', 'Reunion', 'REU', 638, 262),
(176, 'RO', 'ROMANIA', 'Romania', 'ROM', 642, 40),
(177, 'RU', 'RUSSIAN FEDERATION', 'Russian Federation', 'RUS', 643, 70),
(178, 'RW', 'RWANDA', 'Rwanda', 'RWA', 646, 250),
(179, 'SH', 'SAINT HELENA', 'Saint Helena', 'SHN', 654, 290),
(180, 'KN', 'SAINT KITTS AND NEVIS', 'Saint Kitts and Nevis', 'KNA', 659, 1869),
(181, 'LC', 'SAINT LUCIA', 'Saint Lucia', 'LCA', 662, 1758),
(182, 'PM', 'SAINT PIERRE AND MIQUELON', 'Saint Pierre and Miquelon', 'SPM', 666, 508),
(183, 'VC', 'SAINT VINCENT AND THE GRENADINES', 'Saint Vincent and the Grenadines', 'VCT', 670, 1784),
(184, 'WS', 'SAMOA', 'Samoa', 'WSM', 882, 684),
(185, 'SM', 'SAN MARINO', 'San Marino', 'SMR', 674, 378),
(186, 'ST', 'SAO TOME AND PRINCIPE', 'Sao Tome and Principe', 'STP', 678, 239),
(187, 'SA', 'SAUDI ARABIA', 'Saudi Arabia', 'SAU', 682, 966),
(188, 'SN', 'SENEGAL', 'Senegal', 'SEN', 686, 221),
(189, 'CS', 'SERBIA AND MONTENEGRO', 'Serbia and Montenegro', NULL, NULL, 381),
(190, 'SC', 'SEYCHELLES', 'Seychelles', 'SYC', 690, 248),
(191, 'SL', 'SIERRA LEONE', 'Sierra Leone', 'SLE', 694, 232),
(192, 'SG', 'SINGAPORE', 'Singapore', 'SGP', 702, 65),
(193, 'SK', 'SLOVAKIA', 'Slovakia', 'SVK', 703, 421),
(194, 'SI', 'SLOVENIA', 'Slovenia', 'SVN', 705, 386),
(195, 'SB', 'SOLOMON ISLANDS', 'Solomon Islands', 'SLB', 90, 677),
(196, 'SO', 'SOMALIA', 'Somalia', 'SOM', 706, 252),
(197, 'ZA', 'SOUTH AFRICA', 'South Africa', 'ZAF', 710, 27),
(198, 'GS', 'SOUTH GEORGIA AND THE SOUTH SANDWICH ISLANDS', 'South Georgia and the South Sandwich Islands', NULL, NULL, 0),
(199, 'ES', 'SPAIN', 'Spain', 'ESP', 724, 34),
(200, 'LK', 'SRI LANKA', 'Sri Lanka', 'LKA', 144, 94),
(201, 'SD', 'SUDAN', 'Sudan', 'SDN', 736, 249),
(202, 'SR', 'SURINAME', 'Suriname', 'SUR', 740, 597),
(203, 'SJ', 'SVALBARD AND JAN MAYEN', 'Svalbard and Jan Mayen', 'SJM', 744, 47),
(204, 'SZ', 'SWAZILAND', 'Swaziland', 'SWZ', 748, 268),
(205, 'SE', 'SWEDEN', 'Sweden', 'SWE', 752, 46),
(206, 'CH', 'SWITZERLAND', 'Switzerland', 'CHE', 756, 41),
(207, 'SY', 'SYRIAN ARAB REPUBLIC', 'Syrian Arab Republic', 'SYR', 760, 963),
(208, 'TW', 'TAIWAN, PROVINCE OF CHINA', 'Taiwan, Province of China', 'TWN', 158, 886),
(209, 'TJ', 'TAJIKISTAN', 'Tajikistan', 'TJK', 762, 992),
(210, 'TZ', 'TANZANIA, UNITED REPUBLIC OF', 'Tanzania, United Republic of', 'TZA', 834, 255),
(211, 'TH', 'THAILAND', 'Thailand', 'THA', 764, 66),
(212, 'TL', 'TIMOR-LESTE', 'Timor-Leste', NULL, NULL, 670),
(213, 'TG', 'TOGO', 'Togo', 'TGO', 768, 228),
(214, 'TK', 'TOKELAU', 'Tokelau', 'TKL', 772, 690),
(215, 'TO', 'TONGA', 'Tonga', 'TON', 776, 676),
(216, 'TT', 'TRINIDAD AND TOBAGO', 'Trinidad and Tobago', 'TTO', 780, 1868),
(217, 'TN', 'TUNISIA', 'Tunisia', 'TUN', 788, 216),
(218, 'TR', 'TURKEY', 'Turkey', 'TUR', 792, 90),
(219, 'TM', 'TURKMENISTAN', 'Turkmenistan', 'TKM', 795, 7370),
(220, 'TC', 'TURKS AND CAICOS ISLANDS', 'Turks and Caicos Islands', 'TCA', 796, 1649),
(221, 'TV', 'TUVALU', 'Tuvalu', 'TUV', 798, 688),
(222, 'UG', 'UGANDA', 'Uganda', 'UGA', 800, 256),
(223, 'UA', 'UKRAINE', 'Ukraine', 'UKR', 804, 380),
(224, 'AE', 'UNITED ARAB EMIRATES', 'United Arab Emirates', 'ARE', 784, 971),
(225, 'GB', 'UNITED KINGDOM', 'United Kingdom', 'GBR', 826, 44),
(226, 'US', 'UNITED STATES', 'United States', 'USA', 840, 1),
(227, 'UM', 'UNITED STATES MINOR OUTLYING ISLANDS', 'United States Minor Outlying Islands', NULL, NULL, 1),
(228, 'UY', 'URUGUAY', 'Uruguay', 'URY', 858, 598),
(229, 'UZ', 'UZBEKISTAN', 'Uzbekistan', 'UZB', 860, 998),
(230, 'VU', 'VANUATU', 'Vanuatu', 'VUT', 548, 678),
(231, 'VE', 'VENEZUELA', 'Venezuela', 'VEN', 862, 58),
(232, 'VN', 'VIET NAM', 'Viet Nam', 'VNM', 704, 84),
(233, 'VG', 'VIRGIN ISLANDS, BRITISH', 'Virgin Islands, British', 'VGB', 92, 1284),
(234, 'VI', 'VIRGIN ISLANDS, U.S.', 'Virgin Islands, U.s.', 'VIR', 850, 1340),
(235, 'WF', 'WALLIS AND FUTUNA', 'Wallis and Futuna', 'WLF', 876, 681),
(236, 'EH', 'WESTERN SAHARA', 'Western Sahara', 'ESH', 732, 212),
(237, 'YE', 'YEMEN', 'Yemen', 'YEM', 887, 967),
(238, 'ZM', 'ZAMBIA', 'Zambia', 'ZMB', 894, 260),
(239, 'ZW', 'ZIMBABWE', 'Zimbabwe', 'ZWE', 716, 263);

-- --------------------------------------------------------

--
-- Table structure for table `coupons`
--

CREATE TABLE `coupons` (
  `id` bigint(20) UNSIGNED NOT NULL,
  `coupon_option` varchar(191) COLLATE utf8mb4_unicode_ci NOT NULL,
  `coupon_code` varchar(191) COLLATE utf8mb4_unicode_ci NOT NULL,
  `categories` text COLLATE utf8mb4_unicode_ci NOT NULL,
  `users` text COLLATE utf8mb4_unicode_ci NOT NULL,
  `coupon_type` varchar(191) COLLATE utf8mb4_unicode_ci NOT NULL,
  `amount_type` varchar(191) COLLATE utf8mb4_unicode_ci NOT NULL,
  `amount` double(8,2) NOT NULL,
  `expery_date` date NOT NULL,
  `status` tinyint(4) NOT NULL,
  `created_at` timestamp NULL DEFAULT NULL,
  `updated_at` timestamp NULL DEFAULT NULL
) ENGINE=InnoDB DEFAULT CHARSET=utf8mb4 COLLATE=utf8mb4_unicode_ci;

--
-- Dumping data for table `coupons`
--

INSERT INTO `coupons` (`id`, `coupon_option`, `coupon_code`, `categories`, `users`, `coupon_type`, `amount_type`, `amount`, `expery_date`, `status`, `created_at`, `updated_at`) VALUES
(1, 'Manual', 'Test10', '1,2', 'skkhan9708@gmail.com,developer2021@yopmail.com', 'single', 'percentage', 10.00, '2021-12-31', 1, NULL, '2021-02-17 11:07:58'),
(2, 'Manual', 'Demo7', '1,5', 'skkhan9708@gmail.com,developer2021@yopmail.com', 'single', 'fixed', 220.00, '2021-12-11', 1, NULL, '2021-02-18 11:29:09'),
(3, 'Automatic', '0twHAv3l', '1,2,4', 'tahridabbas@gmail.com,rajansarmagndu111@gmail.com,rejane2021@yopmail.com', 'multiple', 'Fixed', 200.00, '2021-12-12', 0, '2021-02-20 13:19:47', '2021-02-20 13:20:24'),
(24, 'Automatic', 'PMcih79s', '2,4', 'tahridabbas@gmail.com,developer2021@yopmail.com,rejane2021@yopmail.com', 'multiple', 'Percentage', 20.00, '2021-12-12', 1, '2021-02-22 12:17:31', '2021-02-24 10:19:32'),
(25, 'Manually', 'Test123', '1,2', 'skkhan9708@gmail.com,tahridabbas@gmail.com', 'multiple', 'Fixed', 530.00, '2022-12-12', 1, '2021-02-24 10:39:02', '2021-02-24 10:39:02'),
(26, 'Automatic', '2i21WA92', '1,4', 'tahridabbas@gmail.com,rajansarmagndu111@gmail.com', 'multiple', 'Percentage', 8.00, '2022-12-12', 1, '2021-02-24 10:39:55', '2021-02-24 10:39:55');

-- --------------------------------------------------------

--
-- Table structure for table `failed_jobs`
--

CREATE TABLE `failed_jobs` (
  `id` bigint(20) UNSIGNED NOT NULL,
  `connection` text COLLATE utf8mb4_unicode_ci NOT NULL,
  `queue` text COLLATE utf8mb4_unicode_ci NOT NULL,
  `payload` longtext COLLATE utf8mb4_unicode_ci NOT NULL,
  `exception` longtext COLLATE utf8mb4_unicode_ci NOT NULL,
  `failed_at` timestamp NOT NULL DEFAULT current_timestamp()
) ENGINE=InnoDB DEFAULT CHARSET=utf8mb4 COLLATE=utf8mb4_unicode_ci;

-- --------------------------------------------------------

--
-- Table structure for table `migrations`
--

CREATE TABLE `migrations` (
  `id` int(10) UNSIGNED NOT NULL,
  `migration` varchar(191) COLLATE utf8mb4_unicode_ci NOT NULL,
  `batch` int(11) NOT NULL
) ENGINE=InnoDB DEFAULT CHARSET=utf8mb4 COLLATE=utf8mb4_unicode_ci;

--
-- Dumping data for table `migrations`
--

INSERT INTO `migrations` (`id`, `migration`, `batch`) VALUES
(7, '2014_10_12_000000_create_users_table', 1),
(8, '2014_10_12_100000_create_password_resets_table', 1),
(9, '2019_08_19_000000_create_failed_jobs_table', 1),
(10, '2020_02_26_183400_create_admins_table', 1),
(11, '2020_04_19_104259_create_sections_table', 1),
(12, '2020_04_25_091234_create_categories_table', 1),
(15, '2020_11_16_170952_create_products_table', 2),
(16, '2020_12_05_105741_create_products_attributes_table', 3),
(17, '2020_12_12_065234_create_products_images_table', 4),
(18, '2020_12_13_095817_create_brands_table', 5),
(19, '2020_12_15_172241_add_brand_id_to_products', 6),
(20, '2020_12_21_153629_create_banners_table', 7),
(21, '2021_01_09_090732_create_carts_table', 8),
(22, '2021_01_30_071454_add_columns_to_users_table', 9),
(23, '2021_02_14_150404_create_coupons_table', 10);

-- --------------------------------------------------------

--
-- Table structure for table `password_resets`
--

CREATE TABLE `password_resets` (
  `email` varchar(191) COLLATE utf8mb4_unicode_ci NOT NULL,
  `token` varchar(191) COLLATE utf8mb4_unicode_ci NOT NULL,
  `created_at` timestamp NULL DEFAULT NULL
) ENGINE=InnoDB DEFAULT CHARSET=utf8mb4 COLLATE=utf8mb4_unicode_ci;

-- --------------------------------------------------------

--
-- Table structure for table `products`
--

CREATE TABLE `products` (
  `id` bigint(20) UNSIGNED NOT NULL,
  `category_id` int(11) NOT NULL,
  `section_id` int(11) NOT NULL,
  `brand_id` int(11) NOT NULL,
  `product_name` varchar(191) COLLATE utf8mb4_unicode_ci NOT NULL,
  `product_code` varchar(191) COLLATE utf8mb4_unicode_ci NOT NULL,
  `product_color` varchar(191) COLLATE utf8mb4_unicode_ci NOT NULL,
  `product_price` double(8,2) DEFAULT NULL,
  `product_discount` int(25) DEFAULT NULL,
  `product_weight` int(25) NOT NULL,
  `product_video` varchar(255) COLLATE utf8mb4_unicode_ci DEFAULT NULL,
  `main_image` varchar(255) COLLATE utf8mb4_unicode_ci DEFAULT NULL,
  `description` text COLLATE utf8mb4_unicode_ci NOT NULL,
  `wash_care` varchar(191) COLLATE utf8mb4_unicode_ci NOT NULL,
  `fabric` varchar(191) COLLATE utf8mb4_unicode_ci NOT NULL,
  `pattern` varchar(191) COLLATE utf8mb4_unicode_ci NOT NULL,
  `sleeve` varchar(191) COLLATE utf8mb4_unicode_ci NOT NULL,
  `fit` varchar(191) COLLATE utf8mb4_unicode_ci NOT NULL,
  `occasion` varchar(191) COLLATE utf8mb4_unicode_ci NOT NULL,
  `meta_title` varchar(191) COLLATE utf8mb4_unicode_ci NOT NULL,
  `meta_description` varchar(191) COLLATE utf8mb4_unicode_ci NOT NULL,
  `meta_keywords` varchar(191) COLLATE utf8mb4_unicode_ci NOT NULL,
  `is_featured` enum('No','Yes') COLLATE utf8mb4_unicode_ci NOT NULL,
  `status` int(4) NOT NULL,
  `created_at` timestamp NULL DEFAULT NULL,
  `updated_at` timestamp NULL DEFAULT NULL
) ENGINE=InnoDB DEFAULT CHARSET=utf8mb4 COLLATE=utf8mb4_unicode_ci;

--
-- Dumping data for table `products`
--

INSERT INTO `products` (`id`, `category_id`, `section_id`, `brand_id`, `product_name`, `product_code`, `product_color`, `product_price`, `product_discount`, `product_weight`, `product_video`, `main_image`, `description`, `wash_care`, `fabric`, `pattern`, `sleeve`, `fit`, `occasion`, `meta_title`, `meta_description`, `meta_keywords`, `is_featured`, `status`, `created_at`, `updated_at`) VALUES
(1, 1, 1, 1, 'Blue Casual T-shirt', 'BT001', 'Blue', 1500.00, 10, 200, '1607754955.mp4', '1608997507.jpg', 'Test Product', 'Test', 'Polyester', 'Printed', 'Short Sleeve', 'Fit', 'Formal', 'Test', 'Test', 'Test', 'Yes', 1, NULL, '2020-12-26 10:15:08'),
(2, 4, 1, 3, 'Red CasualT-shirt', 'R001', 'White', 2000.00, 0, 200, '1608365584.mp4', '1608365583.jpeg', 'Test Product', 'NO', 'Cotton', 'Plain', 'Full Sleeve', 'Regular', 'Casual', 'Test 1', 'Test 1', 'Test 1', 'Yes', 1, NULL, '2021-01-16 02:56:57'),
(11, 1, 1, 4, 'Test-demo', 'Htn789', 'Black', 52.00, 12, 452, '1607802325.mp4', '1607802324.jpeg', 'this is test description', 'Yes', 'Polyester', 'Printed', 'Half Sleeve', 'Regular', 'Formal', 'Test', 'Test', 'Test', 'Yes', 1, '2020-11-28 10:39:54', '2021-01-13 11:36:20'),
(19, 5, 2, 4, 'Girls Kurti', 'GSK001', 'Black', 700.00, 10, 500, '1608367224.mp4', '1608367224.jpeg', 'Girls kurti', 'Yes', 'Cotton', 'Checked', 'Full Sleeve', 'Regular', 'Casual', 'Test', 'Test', 'Test', 'Yes', 1, '2020-12-19 03:10:24', '2021-01-16 12:13:06'),
(20, 10, 3, 3, 'Kid jean', 'KIDJ001', 'olive', 400.00, 5, 200, '1608367490.mp4', '1608367490.jpeg', 'Test kid jeans', 'Yes', 'Polyester', 'Plain', 'Half Sleeve', 'Regular', 'Casual', 'Test jeans', 'Test jeans', 'Test jeans', 'Yes', 1, '2020-12-19 03:14:50', '2021-01-16 12:12:29'),
(21, 4, 1, 3, 'Casual shirt', 'CUS001', 'White', 450.00, 5, 200, '1608480883.mp4', '1608480882.jpeg', 'Test', 'NO', 'Cotton', 'Plain', 'Full Sleeve', 'Slim', 'Casual', 'Test', 'Test', 'Test', 'Yes', 1, '2020-12-20 10:44:44', '2020-12-20 10:44:44');

-- --------------------------------------------------------

--
-- Table structure for table `products_attributes`
--

CREATE TABLE `products_attributes` (
  `id` bigint(20) UNSIGNED NOT NULL,
  `product_id` int(11) NOT NULL,
  `size` varchar(191) COLLATE utf8mb4_unicode_ci NOT NULL,
  `price` double(8,2) NOT NULL,
  `stock` int(11) NOT NULL,
  `sku` varchar(191) COLLATE utf8mb4_unicode_ci NOT NULL,
  `status` tinyint(4) NOT NULL DEFAULT 1,
  `created_at` timestamp NULL DEFAULT NULL,
  `updated_at` timestamp NULL DEFAULT NULL
) ENGINE=InnoDB DEFAULT CHARSET=utf8mb4 COLLATE=utf8mb4_unicode_ci;

--
-- Dumping data for table `products_attributes`
--

INSERT INTO `products_attributes` (`id`, `product_id`, `size`, `price`, `stock`, `sku`, `status`, `created_at`, `updated_at`) VALUES
(1, 1, 'Small', 1100.00, 150, 'BCT01-S', 1, '2020-12-10 12:36:10', '2020-12-10 13:42:52'),
(2, 1, 'Medium', 1200.00, 200, 'BCT01-M', 1, '2020-12-10 12:36:11', '2020-12-19 02:45:16'),
(4, 1, 'Large', 1400.00, 20, 'BCT01-L', 1, '2020-12-10 14:04:14', '2020-12-10 14:04:14'),
(5, 2, 'Small', 2000.00, 10, 'R001-S', 1, '2020-12-19 02:44:49', '2020-12-19 02:44:49'),
(6, 2, 'Medium', 2200.00, 15, 'R001-M', 1, '2020-12-19 02:44:49', '2021-01-13 12:46:49'),
(7, 2, 'Large', 2100.00, 20, 'R001-L', 1, '2020-12-19 02:44:49', '2020-12-19 02:44:49'),
(8, 11, 'Small', 200.00, 25, 'Htn789-S', 1, '2020-12-19 02:46:43', '2020-12-19 02:46:43'),
(9, 11, 'Medium', 250.00, 20, 'Htn789-M', 1, '2020-12-19 02:46:43', '2020-12-19 02:46:43'),
(10, 11, 'Large', 300.00, 15, 'Htn789-L', 1, '2020-12-19 02:46:43', '2020-12-19 02:46:43'),
(11, 21, 'Small', 500.00, 20, 'CUS001-S', 1, '2021-01-08 11:54:51', '2021-01-08 11:54:51'),
(12, 8, 'Medium', 550.00, 15, 'CUS001-M', 1, '2021-01-08 11:54:51', '2021-01-08 11:54:51'),
(13, 21, 'Large', 600.00, 5, 'CUS001-L', 1, '2021-01-08 11:54:51', '2021-01-08 11:54:51');

-- --------------------------------------------------------

--
-- Table structure for table `products_images`
--

CREATE TABLE `products_images` (
  `id` bigint(20) UNSIGNED NOT NULL,
  `product_id` int(11) NOT NULL,
  `image` varchar(191) COLLATE utf8mb4_unicode_ci NOT NULL,
  `status` tinyint(4) NOT NULL,
  `created_at` timestamp NULL DEFAULT NULL,
  `updated_at` timestamp NULL DEFAULT NULL
) ENGINE=InnoDB DEFAULT CHARSET=utf8mb4 COLLATE=utf8mb4_unicode_ci;

--
-- Dumping data for table `products_images`
--

INSERT INTO `products_images` (`id`, `product_id`, `image`, `status`, `created_at`, `updated_at`) VALUES
(1, 2, '79261607852986.jpeg', 1, '2020-12-13 04:19:46', '2020-12-13 04:19:46'),
(2, 2, '52461607852986.jpeg', 1, '2020-12-13 04:19:46', '2020-12-13 04:19:46'),
(4, 1, '9661607853075.jpeg', 1, '2020-12-13 04:21:16', '2020-12-13 04:21:16'),
(5, 1, '91461607853076.jpeg', 1, '2020-12-13 04:21:16', '2020-12-13 04:21:16'),
(6, 1, '60121607853076.jpeg', 1, '2020-12-13 04:21:16', '2020-12-13 04:21:16');

-- --------------------------------------------------------

--
-- Table structure for table `sections`
--

CREATE TABLE `sections` (
  `id` bigint(20) UNSIGNED NOT NULL,
  `name` varchar(191) COLLATE utf8mb4_unicode_ci NOT NULL,
  `status` tinyint(4) NOT NULL,
  `created_at` timestamp NULL DEFAULT NULL,
  `updated_at` timestamp NULL DEFAULT NULL
) ENGINE=InnoDB DEFAULT CHARSET=utf8mb4 COLLATE=utf8mb4_unicode_ci;

--
-- Dumping data for table `sections`
--

INSERT INTO `sections` (`id`, `name`, `status`, `created_at`, `updated_at`) VALUES
(1, 'Man', 1, NULL, NULL),
(2, 'Woman', 1, NULL, NULL),
(3, 'Kids', 1, NULL, NULL);

-- --------------------------------------------------------

--
-- Table structure for table `states`
--

CREATE TABLE `states` (
  `id` int(10) UNSIGNED NOT NULL,
  `state` varchar(50) NOT NULL
) ENGINE=MyISAM DEFAULT CHARSET=latin1;

--
-- Dumping data for table `states`
--

INSERT INTO `states` (`id`, `state`) VALUES
(1, 'ANDAMAN AND NICOBAR ISLANDS'),
(2, 'ANDHRA PRADESH'),
(3, 'ARUNACHAL PRADESH'),
(4, 'ASSAM'),
(5, 'BIHAR'),
(6, 'CHATTISGARH'),
(7, 'CHANDIGARH'),
(8, 'DAMAN AND DIU'),
(9, 'DELHI'),
(10, 'DADRA AND NAGAR HAVELI'),
(11, 'GOA'),
(12, 'GUJARAT'),
(13, 'HIMACHAL PRADESH'),
(14, 'HARYANA'),
(15, 'JAMMU AND KASHMIR'),
(16, 'JHARKHAND'),
(17, 'KERALA'),
(18, 'KARNATAKA'),
(19, 'LAKSHADWEEP'),
(20, 'MEGHALAYA'),
(21, 'MAHARASHTRA'),
(22, 'MANIPUR'),
(23, 'MADHYA PRADESH'),
(24, 'MIZORAM'),
(25, 'NAGALAND'),
(26, 'ORISSA'),
(27, 'PUNJAB'),
(28, 'PONDICHERRY'),
(29, 'RAJASTHAN'),
(30, 'SIKKIM'),
(31, 'TAMIL NADU'),
(32, 'TRIPURA'),
(33, 'UTTARAKHAND'),
(34, 'UTTAR PRADESH'),
(35, 'WEST BENGAL'),
(36, 'TELANGANA');

-- --------------------------------------------------------

--
-- Table structure for table `users`
--

CREATE TABLE `users` (
  `id` bigint(20) UNSIGNED NOT NULL,
  `name` varchar(191) COLLATE utf8mb4_unicode_ci NOT NULL,
  `email` varchar(191) COLLATE utf8mb4_unicode_ci NOT NULL,
  `address` varchar(191) COLLATE utf8mb4_unicode_ci DEFAULT NULL,
  `city` varchar(191) COLLATE utf8mb4_unicode_ci DEFAULT NULL,
  `state` varchar(191) COLLATE utf8mb4_unicode_ci DEFAULT NULL,
  `country` varchar(191) COLLATE utf8mb4_unicode_ci DEFAULT NULL,
  `pincode` varchar(191) COLLATE utf8mb4_unicode_ci DEFAULT NULL,
  `mobile` varchar(191) COLLATE utf8mb4_unicode_ci DEFAULT NULL,
  `status` tinyint(4) NOT NULL DEFAULT 1,
  `email_verified_at` timestamp NULL DEFAULT NULL,
  `password` varchar(191) COLLATE utf8mb4_unicode_ci NOT NULL,
  `remember_token` varchar(100) COLLATE utf8mb4_unicode_ci DEFAULT NULL,
  `created_at` timestamp NULL DEFAULT NULL,
  `updated_at` timestamp NULL DEFAULT NULL
) ENGINE=InnoDB DEFAULT CHARSET=utf8mb4 COLLATE=utf8mb4_unicode_ci;

--
-- Dumping data for table `users`
--

INSERT INTO `users` (`id`, `name`, `email`, `address`, `city`, `state`, `country`, `pincode`, `mobile`, `status`, `email_verified_at`, `password`, `remember_token`, `created_at`, `updated_at`) VALUES
(1, 'shazidh', 'skkhan9708@gmail.com', 'Purnia', 'Purnia', 'BIHAR', 'India', '854326', '7896541237', 1, NULL, '$2y$10$KHrgxt3UHN1ZEPVS6rbpwO2X.ELeBejCwurjy4U/OQE79aWBVZbru', NULL, '2021-02-03 12:34:06', '2021-02-12 13:42:55'),
(2, 'tahrid', 'tahridabbas@gmail.com', NULL, NULL, NULL, NULL, NULL, '7541914674', 1, NULL, '$2y$10$9t547/7O2DQj9zkzvkwjXuawJoxat3sFynQMv3ZcjXx8Ikmuk.b0u', NULL, '2021-02-03 12:35:38', '2021-02-07 10:56:59'),
(3, 'Rajen', 'rajansarmagndu111@gmail.com', NULL, NULL, NULL, NULL, NULL, '7896541235', 1, NULL, '$2y$10$vIQ0HK76wDGtYlQln8NM0.VYadDTGhtTRS0YilNKaBkFt2iywxXni', NULL, '2021-02-03 12:41:00', '2021-02-03 12:41:00'),
(4, 'developer', 'developer2021@yopmail.com', NULL, NULL, NULL, NULL, NULL, '7541914674', 1, NULL, '$2y$10$g634f7CYiymrMj7.Jq7NUOv7G7cK3GYb12oXhAXJ0FrtDAcug84vS', NULL, '2021-02-06 00:35:27', '2021-02-06 10:00:02'),
(5, 'Rajan', 'rajansharmagndu111@gmail.com', NULL, NULL, NULL, NULL, NULL, '7541914674', 0, NULL, '$2y$10$PDi7ZY/hOyqP/BlOux83g.reWfwuh0MMqBAwVZX4cfHcd/bCjkeyu', NULL, '2021-02-06 00:56:38', '2021-02-06 00:56:38'),
(6, 'Rajen', 'rejane2021@yopmil.com', NULL, NULL, NULL, NULL, NULL, '7896541235', 0, NULL, '$2y$10$BVvUUxhftg/03jUnJyEYB.eci1lw7I8xlJLQIdkjfA6kliiDtkTde', NULL, '2021-02-06 10:02:35', '2021-02-06 10:02:35'),
(7, 'Rajen', 'rejane2021@yopmail.com', NULL, NULL, NULL, NULL, NULL, '7896541235', 1, NULL, '$2y$10$91jTaF/XPiYQZoyLKQdWpenzs7WZIf6zOUC2R8UV4xWvi1Exm4O8C', NULL, '2021-02-06 10:03:40', '2021-02-07 10:54:22');

--
-- Indexes for dumped tables
--

--
-- Indexes for table `admins`
--
ALTER TABLE `admins`
  ADD PRIMARY KEY (`id`),
  ADD UNIQUE KEY `admins_email_unique` (`email`);

--
-- Indexes for table `banners`
--
ALTER TABLE `banners`
  ADD PRIMARY KEY (`id`);

--
-- Indexes for table `brands`
--
ALTER TABLE `brands`
  ADD PRIMARY KEY (`id`);

--
-- Indexes for table `carts`
--
ALTER TABLE `carts`
  ADD PRIMARY KEY (`id`);

--
-- Indexes for table `categories`
--
ALTER TABLE `categories`
  ADD PRIMARY KEY (`id`);

--
-- Indexes for table `countries`
--
ALTER TABLE `countries`
  ADD PRIMARY KEY (`id`);

--
-- Indexes for table `coupons`
--
ALTER TABLE `coupons`
  ADD PRIMARY KEY (`id`);

--
-- Indexes for table `failed_jobs`
--
ALTER TABLE `failed_jobs`
  ADD PRIMARY KEY (`id`);

--
-- Indexes for table `migrations`
--
ALTER TABLE `migrations`
  ADD PRIMARY KEY (`id`);

--
-- Indexes for table `password_resets`
--
ALTER TABLE `password_resets`
  ADD KEY `password_resets_email_index` (`email`);

--
-- Indexes for table `products`
--
ALTER TABLE `products`
  ADD PRIMARY KEY (`id`);

--
-- Indexes for table `products_attributes`
--
ALTER TABLE `products_attributes`
  ADD PRIMARY KEY (`id`);

--
-- Indexes for table `products_images`
--
ALTER TABLE `products_images`
  ADD PRIMARY KEY (`id`);

--
-- Indexes for table `sections`
--
ALTER TABLE `sections`
  ADD PRIMARY KEY (`id`);

--
-- Indexes for table `states`
--
ALTER TABLE `states`
  ADD PRIMARY KEY (`id`);

--
-- Indexes for table `users`
--
ALTER TABLE `users`
  ADD PRIMARY KEY (`id`),
  ADD UNIQUE KEY `users_email_unique` (`email`);

--
-- AUTO_INCREMENT for dumped tables
--

--
-- AUTO_INCREMENT for table `admins`
--
ALTER TABLE `admins`
  MODIFY `id` bigint(20) UNSIGNED NOT NULL AUTO_INCREMENT, AUTO_INCREMENT=4;

--
-- AUTO_INCREMENT for table `banners`
--
ALTER TABLE `banners`
  MODIFY `id` bigint(20) UNSIGNED NOT NULL AUTO_INCREMENT, AUTO_INCREMENT=7;

--
-- AUTO_INCREMENT for table `brands`
--
ALTER TABLE `brands`
  MODIFY `id` bigint(20) UNSIGNED NOT NULL AUTO_INCREMENT, AUTO_INCREMENT=6;

--
-- AUTO_INCREMENT for table `carts`
--
ALTER TABLE `carts`
  MODIFY `id` bigint(20) UNSIGNED NOT NULL AUTO_INCREMENT, AUTO_INCREMENT=16;

--
-- AUTO_INCREMENT for table `categories`
--
ALTER TABLE `categories`
  MODIFY `id` int(20) UNSIGNED NOT NULL AUTO_INCREMENT, AUTO_INCREMENT=12;

--
-- AUTO_INCREMENT for table `countries`
--
ALTER TABLE `countries`
  MODIFY `id` int(11) NOT NULL AUTO_INCREMENT, AUTO_INCREMENT=240;

--
-- AUTO_INCREMENT for table `coupons`
--
ALTER TABLE `coupons`
  MODIFY `id` bigint(20) UNSIGNED NOT NULL AUTO_INCREMENT, AUTO_INCREMENT=27;

--
-- AUTO_INCREMENT for table `failed_jobs`
--
ALTER TABLE `failed_jobs`
  MODIFY `id` bigint(20) UNSIGNED NOT NULL AUTO_INCREMENT;

--
-- AUTO_INCREMENT for table `migrations`
--
ALTER TABLE `migrations`
  MODIFY `id` int(10) UNSIGNED NOT NULL AUTO_INCREMENT, AUTO_INCREMENT=24;

--
-- AUTO_INCREMENT for table `products`
--
ALTER TABLE `products`
  MODIFY `id` bigint(20) UNSIGNED NOT NULL AUTO_INCREMENT, AUTO_INCREMENT=22;

--
-- AUTO_INCREMENT for table `products_attributes`
--
ALTER TABLE `products_attributes`
  MODIFY `id` bigint(20) UNSIGNED NOT NULL AUTO_INCREMENT, AUTO_INCREMENT=14;

--
-- AUTO_INCREMENT for table `products_images`
--
ALTER TABLE `products_images`
  MODIFY `id` bigint(20) UNSIGNED NOT NULL AUTO_INCREMENT, AUTO_INCREMENT=7;

--
-- AUTO_INCREMENT for table `sections`
--
ALTER TABLE `sections`
  MODIFY `id` bigint(20) UNSIGNED NOT NULL AUTO_INCREMENT, AUTO_INCREMENT=4;

--
-- AUTO_INCREMENT for table `states`
--
ALTER TABLE `states`
  MODIFY `id` int(10) UNSIGNED NOT NULL AUTO_INCREMENT, AUTO_INCREMENT=37;

--
-- AUTO_INCREMENT for table `users`
--
ALTER TABLE `users`
  MODIFY `id` bigint(20) UNSIGNED NOT NULL AUTO_INCREMENT, AUTO_INCREMENT=8;
COMMIT;

/*!40101 SET CHARACTER_SET_CLIENT=@OLD_CHARACTER_SET_CLIENT */;
/*!40101 SET CHARACTER_SET_RESULTS=@OLD_CHARACTER_SET_RESULTS */;
/*!40101 SET COLLATION_CONNECTION=@OLD_COLLATION_CONNECTION */;
